<?xml version="1.0" encoding="utf-8"?>
<rss version="2.0" xmlns:sparkle="http://www.andymatuschak.org/xml-namespaces/sparkle" xmlns:dc="http://purl.org/dc/elements/1.1/">
    <channel>
        <title>Chuanhu Wallpaper</title>
        <description>Most recent changes with links to updates.</description>
        <item>
            <title>Version 2.1.1</title>
            <link>https://github.com/GaiZhenbiao/ChuanhuWallpaper</link>
            <sparkle:version>2.1.1</sparkle:version>
            <sparkle:releaseNotesLink>
                https://github.com/GaiZhenbiao/ChuanhuWallpaper/releases/tag/v2.1.1
            </sparkle:releaseNotesLink>
            <pubDate>Thur, 9 Feb 2023 12:00:00 +0800</pubDate>
            <enclosure url="https://github.com/GaiZhenbiao/ChuanhuWallpaper/releases/download/v2.1.1/ChuanhuWallpaper.app.zip" />
            <sparkle:minimumSystemVersion>11.0</sparkle:minimumSystemVersion>
        </item>

    </channel>
</rss>
